[
    {
        "path": "DIGIWAR\/..\/MEDIA\/sadsasd-fotor-bg-remover-2023050414722.png",
        "id": [
            0,
            1
        ]
    },
    {
        "path": "DIGIWAR\/..\/MEDIA\/hdagkhsoiafoifdfl.png",
        "id": [
            0
        ]
    },
    {
        "path": "DIGIWAR\/..\/MEDIA\/jaJPNKSNKJDHDSUID.png",
        "id": [
            0
        ]
    },
    {
        "path": "DIGIWAR\/..\/MEDIA\/lhklfgkhlkdgflsfkvvv.png",
        "id": [
            0
        ]
    },
    {
        "path": "DIGIWAR\/..\/MEDIA\/eqtwreytreurewirt.png",
        "id": [
            0
        ]
    },
    {
        "path": "DIGIWAR\/..\/MEDIA\/wriueorueutewoe.png",
        "id": [
            0
        ]
    },
    {
        "path": "DIGIWAR\/..\/MEDIA\/dsdklmvlkmlkdfmv.png",
        "id": [
            0
        ]
    },
    {
        "path": "DIGIWAR\/..\/MEDIA\/fweqwdqfsacsdcds.png",
        "id": [
            0
        ]
    },
    {
        "path": "DIGIWAR\/..\/MEDIA\/gghrwrhishfidjsvick.png",
        "id": [
            0
        ]
    },
    {
        "path": "DIGIWAR\/..\/MEDIA\/ioriouioturouqeoiue.png",
        "id": [
            0
        ]
    },
    {
        "path": "DIGIWAR\/..\/MEDIA\/kdfaksdfkaWFQRERQ.png",
        "id": [
            0
        ]
    },
    {
        "path": "DIGIWAR\/..\/MEDIA\/qwnqleqlwqlk.png",
        "id": [
            0
        ]
    },
    {
        "path": "DIGIWAR\/..\/MEDIA\/sljdklasjfkladfjkdal.png",
        "id": [
            0
        ]
    },
    {
        "path": "DIGIWAR\/..\/MEDIA\/yiewuryiqryqroiu.png",
        "id": [
            0
        ]
    },
    {
        "path": "DIGIWAR\/..\/MEDIA\/fewfkjwekjewje.png",
        "id": [
            0
        ]
    },
    {
        "path": "DIGIWAR\/..\/MEDIA\/bottom1-min-removebg-preview-min.png",
        "id": [
            0
        ]
    },
    {
        "path": "DIGIWAR\/..\/MEDIA\/bottom2.png",
        "id": [
            0
        ]
    },
    {
        "path": "DIGIWAR\/..\/MEDIA\/bottom3.png",
        "id": [
            0
        ]
    },
    {
        "path": "DIGIWAR\/..\/MEDIA\/bottom4.png",
        "id": [
            0
        ]
    },
    {
        "path": "DIGIWAR\/..\/MEDIA\/bottom7.png",
        "id": [
            0
        ]
    }
]