{
    "1": {
        "path": "DIGIWAR\/..\/MEDIA\/ytuerorwrpipqeoriqer.png",
        "id": [
            0,
            1
        ]
    },
    "2": {
        "path": "DIGIWAR\/..\/MEDIA\/grkejglerjlgjrwgffd.png",
        "id": [
            0
        ]
    },
    "3": {
        "path": "DIGIWAR\/..\/MEDIA\/jfdhkjsdhfalsjfali.png",
        "id": [
            0
        ]
    },
    "4": {
        "path": "DIGIWAR\/..\/MEDIA\/nfnrtbdxnbdfvxndnbxv.png",
        "id": [
            0
        ]
    },
    "5": {
        "path": "DIGIWAR\/..\/MEDIA\/pitopierpuwoeruqiueio.png",
        "id": [
            0
        ]
    },
    "6": {
        "path": "DIGIWAR\/..\/MEDIA\/dkdjdfjdiojdiosdfe.png",
        "id": [
            0
        ]
    },
    "8": {
        "path": "DIGIWAR\/..\/MEDIA\/Sk\u00e4rmklipp1-fotor-bg-remover-2023051823383.png",
        "id": [
            0
        ]
    },
    "9": {
        "path": "DIGIWAR\/..\/MEDIA\/Sk\u00e4rmklipp2-fotor-bg-remover-20230518233817.png",
        "id": [
            0
        ]
    },
    "10": {
        "path": "DIGIWAR\/..\/MEDIA\/Sk\u00e4rmklipp3-fotor-bg-remover-20230518233832.png",
        "id": [
            0
        ]
    },
    "11": {
        "path": "DIGIWAR\/..\/MEDIA\/Sk\u00e4rmklipp4-fotor-bg-remover-20230518233744.png",
        "id": [
            0
        ]
    }
}