{
    "0": {
        "path": "DIGIWAR\/..\/MEDIA\/8aa2cc82dbc74c9396744783953b11de-fotor-bg-remover-202305041488.png",
        "id": [
            0
        ]
    },
    "2": {
        "path": "DIGIWAR\/..\/MEDIA\/bbvhhbjvjhcvbhjgcvb.png",
        "id": [
            0
        ]
    },
    "3": {
        "path": "DIGIWAR\/..\/MEDIA\/eewkerlkrlewfleeldk.png",
        "id": [
            0
        ]
    },
    "5": {
        "path": "DIGIWAR\/..\/MEDIA\/gjfklhglhgkhdf\u00f6lkgf\u00f6lgfk.png",
        "id": [
            0
        ]
    },
    "6": {
        "path": "DIGIWAR\/..\/MEDIA\/hdfjkghsfigoishgfosfh.png",
        "id": [
            0,
            1
        ]
    },
    "7": {
        "path": "DIGIWAR\/..\/MEDIA\/hsjdfjahkjashfsakl.png",
        "id": [
            0
        ]
    },
    "8": {
        "path": "DIGIWAR\/..\/MEDIA\/rerepipirtopertjgklfg.png",
        "id": [
            0
        ]
    },
    "9": {
        "path": "DIGIWAR\/..\/MEDIA\/wtyeuweuwtuyteue.png",
        "id": [
            0
        ]
    },
    "10": {
        "path": "DIGIWAR\/..\/MEDIA\/tuytuyeuieryitrytriuyte.png",
        "id": [
            0
        ]
    },
    "11": {
        "path": "DIGIWAR\/..\/MEDIA\/ajklsajfisghiov.png",
        "id": [
            0
        ]
    },
    "12": {
        "path": "DIGIWAR\/..\/MEDIA\/ccxkjckahkashadfhdi.png",
        "id": [
            0
        ]
    },
    "13": {
        "path": "DIGIWAR\/..\/MEDIA\/ewtreqtwreqywtrqw.png",
        "id": [
            0
        ]
    },
    "14": {
        "path": "DIGIWAR\/..\/MEDIA\/fjiojqoaifjiojcvxc.png",
        "id": [
            0
        ]
    },
    "15": {
        "path": "DIGIWAR\/..\/MEDIA\/idsfisidvifbiisgrnb.png",
        "id": [
            0
        ]
    },
    "16": {
        "path": "DIGIWAR\/..\/MEDIA\/jcbvkjkjxcklvjxc.png",
        "id": [
            0
        ]
    },
    "17": {
        "path": "DIGIWAR\/..\/MEDIA\/lsahagdywdfuq.png",
        "id": [
            0
        ]
    },
    "18": {
        "path": "DIGIWAR\/..\/MEDIA\/mgnejkfngksjdsdk.png",
        "id": [
            0
        ]
    },
    "19": {
        "path": "DIGIWAR\/..\/MEDIA\/nmvcnsmbajsbfkjqfh.png",
        "id": [
            0
        ]
    },
    "20": {
        "path": "DIGIWAR\/..\/MEDIA\/oewiuqoireueqoidd.png",
        "id": [
            0
        ]
    },
    "21": {
        "path": "DIGIWAR\/..\/MEDIA\/pweqpwepqwdpvdfdb.png",
        "id": [
            0
        ]
    },
    "22": {
        "path": "DIGIWAR\/..\/MEDIA\/tbtnmnbtkjtkjrds.png",
        "id": [
            0
        ]
    },
    "23": {
        "path": "DIGIWAR\/..\/MEDIA\/teyrtueritweiodhf.png",
        "id": [
            0
        ]
    },
    "24": {
        "path": "DIGIWAR\/..\/MEDIA\/tvvvgyvydstvysdgusf.png",
        "id": [
            0
        ]
    },
    "25": {
        "path": "DIGIWAR\/..\/MEDIA\/uvuuhvuibchxiuxbvb.png",
        "id": [
            0
        ]
    },
    "26": {
        "path": "DIGIWAR\/..\/MEDIA\/xsxvgvagsvxuss.png",
        "id": [
            0
        ]
    },
    "27": {
        "path": "DIGIWAR\/..\/MEDIA\/yeuqywiuchoicjx.png",
        "id": [
            0
        ]
    },
    "28": {
        "path": "DIGIWAR\/..\/MEDIA\/zzxljasojdiojefiojweio.png",
        "id": [
            0
        ]
    },
    "29": {
        "path": "DIGIWAR\/..\/MEDIA\/top2.png",
        "id": [
            0
        ]
    },
    "30": {
        "path": "DIGIWAR\/..\/MEDIA\/top4.png",
        "id": [
            0
        ]
    },
    "31": {
        "path": "DIGIWAR\/..\/MEDIA\/top6.png",
        "id": [
            0
        ]
    },
    "32": {
        "path": "DIGIWAR\/..\/MEDIA\/top7.png",
        "id": [
            0
        ]
    }
}